Timestamp,Run,Generation,BestFitness,AvgFitness,Best_ST,Best_LX,Best_Profit
2025-10-05 19:27:05,1,0,0.691176,0.438603,18,10,940.00
2025-10-05 19:27:05,1,1,0.691176,0.526348,18,10,940.00
2025-10-05 19:27:05,1,2,0.691176,0.509559,18,10,940.00
2025-10-05 19:27:05,1,3,0.735294,0.526593,20,10,1000.00
2025-10-05 19:27:05,1,4,0.735294,0.546936,20,10,1000.00
2025-10-05 19:27:05,1,5,0.735294,0.523284,20,10,1000.00
2025-10-05 19:27:05,1,6,0.735294,0.545588,20,10,1000.00
2025-10-05 19:27:05,1,7,0.735294,0.536152,20,10,1000.00
2025-10-05 19:27:05,1,8,0.735294,0.553064,20,10,1000.00
2025-10-05 19:27:05,1,9,0.742647,0.570466,23,8,1010.00
2025-10-05 19:27:05,1,10,0.742647,0.617402,23,8,1010.00
2025-10-05 19:27:05,1,11,0.742647,0.632230,23,8,1010.00
2025-10-05 19:27:05,1,12,0.742647,0.580515,23,8,1010.00
2025-10-05 19:27:05,1,13,0.764706,0.581863,24,8,1040.00
2025-10-05 19:27:05,1,14,0.764706,0.603676,24,8,1040.00
2025-10-05 19:27:05,1,15,0.764706,0.561397,24,8,1040.00
2025-10-05 19:27:05,1,16,0.764706,0.529289,24,8,1040.00
2025-10-05 19:27:05,1,17,0.764706,0.543382,24,8,1040.00
2025-10-05 19:27:05,1,18,0.764706,0.561887,24,8,1040.00
2025-10-05 19:27:05,1,19,0.764706,0.542892,24,8,1040.00
2025-10-05 19:27:05,2,0,0.742647,0.418260,23,8,1010.00
2025-10-05 19:27:05,2,1,0.750000,0.546691,22,9,1020.00
2025-10-05 19:27:05,2,2,0.750000,0.539216,22,9,1020.00
2025-10-05 19:27:05,2,3,0.764706,0.533578,24,8,1040.00
2025-10-05 19:27:05,2,4,0.764706,0.526838,24,8,1040.00
2025-10-05 19:27:05,2,5,0.764706,0.558456,24,8,1040.00
2025-10-05 19:27:05,2,6,0.764706,0.570833,24,8,1040.00
2025-10-05 19:27:05,2,7,0.764706,0.576471,24,8,1040.00
2025-10-05 19:27:05,2,8,0.764706,0.614216,24,8,1040.00
2025-10-05 19:27:05,2,9,0.764706,0.635294,24,8,1040.00
2025-10-05 19:27:05,2,10,0.764706,0.585417,24,8,1040.00
2025-10-05 19:27:05,2,11,0.764706,0.564828,24,8,1040.00
2025-10-05 19:27:05,2,12,0.764706,0.581127,24,8,1040.00
2025-10-05 19:27:05,2,13,0.764706,0.603676,24,8,1040.00
2025-10-05 19:27:05,2,14,0.764706,0.621936,24,8,1040.00
2025-10-05 19:27:05,2,15,0.764706,0.602941,24,8,1040.00
2025-10-05 19:27:05,2,16,0.764706,0.568382,24,8,1040.00
2025-10-05 19:27:05,2,17,0.764706,0.627206,24,8,1040.00
2025-10-05 19:27:05,2,18,0.764706,0.587010,24,8,1040.00
2025-10-05 19:27:05,2,19,0.764706,0.598775,24,8,1040.00
2025-10-05 19:27:05,3,0,0.639706,0.422304,21,6,870.00
2025-10-05 19:27:05,3,1,0.720588,0.467157,18,11,980.00
2025-10-05 19:27:05,3,2,0.720588,0.471936,18,11,980.00
2025-10-05 19:27:05,3,3,0.735294,0.497059,20,10,1000.00
2025-10-05 19:27:05,3,4,0.735294,0.495588,20,10,1000.00
2025-10-05 19:27:05,3,5,0.735294,0.515564,20,10,1000.00
2025-10-05 19:27:05,3,6,0.735294,0.547304,20,10,1000.00
2025-10-05 19:27:05,3,7,0.735294,0.527941,20,10,1000.00
2025-10-05 19:27:05,3,8,0.735294,0.510662,20,10,1000.00
2025-10-05 19:27:05,3,9,0.735294,0.536397,20,10,1000.00
2025-10-05 19:27:05,3,10,0.735294,0.542647,20,10,1000.00
2025-10-05 19:27:05,3,11,0.735294,0.559926,20,10,1000.00
2025-10-05 19:27:05,3,12,0.735294,0.523897,20,10,1000.00
2025-10-05 19:27:05,3,13,0.735294,0.609436,20,10,1000.00
2025-10-05 19:27:05,3,14,0.735294,0.610417,20,10,1000.00
2025-10-05 19:27:05,3,15,0.735294,0.592892,20,10,1000.00
2025-10-05 19:27:05,3,16,0.764706,0.571569,24,8,1040.00
2025-10-05 19:27:05,3,17,0.764706,0.599265,24,8,1040.00
2025-10-05 19:27:05,3,18,0.764706,0.593627,24,8,1040.00
2025-10-05 19:27:05,3,19,0.764706,0.596324,24,8,1040.00
2025-10-05 19:27:05,4,0,0.661765,0.450858,10,15,900.00
2025-10-05 19:27:05,4,1,0.669118,0.516176,21,7,910.00
2025-10-05 19:27:05,4,2,0.764706,0.511765,24,8,1040.00
2025-10-05 19:27:05,4,3,0.764706,0.504779,24,8,1040.00
2025-10-05 19:27:05,4,4,0.764706,0.567647,24,8,1040.00
2025-10-05 19:27:05,4,5,0.764706,0.518505,24,8,1040.00
2025-10-05 19:27:05,4,6,0.764706,0.516422,24,8,1040.00
2025-10-05 19:27:05,4,7,0.764706,0.520343,24,8,1040.00
2025-10-05 19:27:05,4,8,0.764706,0.549387,24,8,1040.00
2025-10-05 19:27:05,4,9,0.764706,0.563848,24,8,1040.00
2025-10-05 19:27:05,4,10,0.764706,0.584681,24,8,1040.00
2025-10-05 19:27:05,4,11,0.764706,0.566176,24,8,1040.00
2025-10-05 19:27:05,4,12,0.764706,0.555392,24,8,1040.00
2025-10-05 19:27:05,4,13,0.764706,0.488725,24,8,1040.00
2025-10-05 19:27:05,4,14,0.764706,0.471324,24,8,1040.00
2025-10-05 19:27:05,4,15,0.764706,0.558088,24,8,1040.00
2025-10-05 19:27:05,4,16,0.764706,0.550000,24,8,1040.00
2025-10-05 19:27:05,4,17,0.764706,0.580147,24,8,1040.00
2025-10-05 19:27:05,4,18,0.764706,0.603309,24,8,1040.00
2025-10-05 19:27:05,4,19,0.764706,0.554167,24,8,1040.00
2025-10-05 19:27:05,5,0,0.683824,0.432598,23,6,930.00
2025-10-05 19:27:05,5,1,0.698529,0.464216,17,11,950.00
2025-10-05 19:27:05,5,2,0.698529,0.519730,17,11,950.00
2025-10-05 19:27:05,5,3,0.720588,0.575490,22,8,980.00
2025-10-05 19:27:05,5,4,0.750000,0.563113,22,9,1020.00
2025-10-05 19:27:05,5,5,0.750000,0.555760,22,9,1020.00
2025-10-05 19:27:05,5,6,0.750000,0.577451,22,9,1020.00
2025-10-05 19:27:05,5,7,0.750000,0.583211,22,9,1020.00
2025-10-05 19:27:05,5,8,0.750000,0.605882,22,9,1020.00
2025-10-05 19:27:05,5,9,0.764706,0.625858,24,8,1040.00
2025-10-05 19:27:05,5,10,0.764706,0.620098,24,8,1040.00
2025-10-05 19:27:05,5,11,0.764706,0.627451,24,8,1040.00
2025-10-05 19:27:05,5,12,0.764706,0.612255,24,8,1040.00
2025-10-05 19:27:05,5,13,0.764706,0.543015,24,8,1040.00
2025-10-05 19:27:05,5,14,0.764706,0.543382,24,8,1040.00
2025-10-05 19:27:05,5,15,0.764706,0.526593,24,8,1040.00
2025-10-05 19:27:05,5,16,0.764706,0.531618,24,8,1040.00
2025-10-05 19:27:05,5,17,0.764706,0.551225,24,8,1040.00
2025-10-05 19:27:05,5,18,0.764706,0.539338,24,8,1040.00
2025-10-05 19:27:05,5,19,0.764706,0.577574,24,8,1040.00
2025-10-05 19:27:05,6,0,0.698529,0.431127,21,8,950.00
2025-10-05 19:27:05,6,1,0.698529,0.514706,21,8,950.00
2025-10-05 19:27:05,6,2,0.698529,0.501838,21,8,950.00
2025-10-05 19:27:05,6,3,0.720588,0.516299,18,11,980.00
2025-10-05 19:27:05,6,4,0.742647,0.568750,23,8,1010.00
2025-10-05 19:27:05,6,5,0.764706,0.573775,24,8,1040.00
2025-10-05 19:27:05,6,6,0.764706,0.612500,24,8,1040.00
2025-10-05 19:27:05,6,7,0.764706,0.625858,24,8,1040.00
2025-10-05 19:27:05,6,8,0.764706,0.627574,24,8,1040.00
2025-10-05 19:27:05,6,9,0.764706,0.595956,24,8,1040.00
2025-10-05 19:27:05,6,10,0.764706,0.520588,24,8,1040.00
2025-10-05 19:27:05,6,11,0.764706,0.579167,24,8,1040.00
2025-10-05 19:27:05,6,12,0.764706,0.601103,24,8,1040.00
2025-10-05 19:27:05,6,13,0.764706,0.576225,24,8,1040.00
2025-10-05 19:27:05,6,14,0.764706,0.576348,24,8,1040.00
2025-10-05 19:27:05,6,15,0.764706,0.532230,24,8,1040.00
2025-10-05 19:27:05,6,16,0.764706,0.576225,24,8,1040.00
2025-10-05 19:27:05,6,17,0.764706,0.562255,24,8,1040.00
2025-10-05 19:27:05,6,18,0.764706,0.592525,24,8,1040.00
2025-10-05 19:27:05,6,19,0.764706,0.595343,24,8,1040.00
2025-10-05 19:27:05,7,0,0.764706,0.436029,24,8,1040.00
2025-10-05 19:27:05,7,1,0.764706,0.533578,24,8,1040.00
2025-10-05 19:27:05,7,2,0.764706,0.524510,24,8,1040.00
2025-10-05 19:27:05,7,3,0.764706,0.561275,24,8,1040.00
2025-10-05 19:27:05,7,4,0.764706,0.585539,24,8,1040.00
2025-10-05 19:27:05,7,5,0.764706,0.533456,24,8,1040.00
2025-10-05 19:27:05,7,6,0.764706,0.533088,24,8,1040.00
2025-10-05 19:27:05,7,7,0.764706,0.502206,24,8,1040.00
2025-10-05 19:27:05,7,8,0.764706,0.488848,24,8,1040.00
2025-10-05 19:27:05,7,9,0.764706,0.497794,24,8,1040.00
2025-10-05 19:27:05,7,10,0.764706,0.530270,24,8,1040.00
2025-10-05 19:27:05,7,11,0.764706,0.585417,24,8,1040.00
2025-10-05 19:27:05,7,12,0.764706,0.576838,24,8,1040.00
2025-10-05 19:27:05,7,13,0.764706,0.575735,24,8,1040.00
2025-10-05 19:27:05,7,14,0.764706,0.591544,24,8,1040.00
2025-10-05 19:27:05,7,15,0.764706,0.547304,24,8,1040.00
2025-10-05 19:27:05,7,16,0.764706,0.585172,24,8,1040.00
2025-10-05 19:27:05,7,17,0.764706,0.577083,24,8,1040.00
2025-10-05 19:27:05,7,18,0.764706,0.569730,24,8,1040.00
2025-10-05 19:27:05,7,19,0.764706,0.572672,24,8,1040.00
2025-10-05 19:27:05,8,0,0.654412,0.359069,23,5,890.00
2025-10-05 19:27:05,8,1,0.694853,0.446569,21,10,1030.00
2025-10-05 19:27:05,8,2,0.694853,0.450980,21,10,1030.00
2025-10-05 19:27:05,8,3,0.694853,0.531495,21,10,1030.00
2025-10-05 19:27:05,8,4,0.735294,0.549020,24,7,1000.00
2025-10-05 19:27:05,8,5,0.735294,0.547059,24,7,1000.00
2025-10-05 19:27:05,8,6,0.735294,0.551961,24,7,1000.00
2025-10-05 19:27:05,8,7,0.735294,0.509069,24,7,1000.00
2025-10-05 19:27:05,8,8,0.735294,0.558211,24,7,1000.00
2025-10-05 19:27:05,8,9,0.735294,0.569363,24,7,1000.00
2025-10-05 19:27:05,8,10,0.735294,0.613848,24,7,1000.00
2025-10-05 19:27:05,8,11,0.735294,0.577206,24,7,1000.00
2025-10-05 19:27:05,8,12,0.735294,0.640319,24,7,1000.00
2025-10-05 19:27:05,8,13,0.735294,0.608578,24,7,1000.00
2025-10-05 19:27:05,8,14,0.735294,0.603922,24,7,1000.00
2025-10-05 19:27:05,8,15,0.735294,0.593873,24,7,1000.00
2025-10-05 19:27:05,8,16,0.735294,0.568382,24,7,1000.00
2025-10-05 19:27:05,8,17,0.735294,0.598775,24,7,1000.00
2025-10-05 19:27:05,8,18,0.735294,0.605637,24,7,1000.00
2025-10-05 19:27:05,8,19,0.735294,0.617034,24,7,1000.00
2025-10-05 19:27:05,9,0,0.720588,0.505270,22,8,980.00
2025-10-05 19:27:05,9,1,0.720588,0.498284,22,8,980.00
2025-10-05 19:27:05,9,2,0.720588,0.515809,22,8,980.00
2025-10-05 19:27:05,9,3,0.720588,0.524142,22,8,980.00
2025-10-05 19:27:05,9,4,0.742647,0.530760,23,8,1010.00
2025-10-05 19:27:05,9,5,0.750000,0.545221,22,9,1020.00
2025-10-05 19:27:05,9,6,0.750000,0.532843,22,9,1020.00
2025-10-05 19:27:05,9,7,0.750000,0.503186,22,9,1020.00
2025-10-05 19:27:05,9,8,0.750000,0.550980,22,9,1020.00
2025-10-05 19:27:05,9,9,0.750000,0.577941,22,9,1020.00
2025-10-05 19:27:05,9,10,0.750000,0.538113,22,9,1020.00
2025-10-05 19:27:05,9,11,0.750000,0.548284,22,9,1020.00
2025-10-05 19:27:05,9,12,0.750000,0.544240,22,9,1020.00
2025-10-05 19:27:05,9,13,0.750000,0.574510,22,9,1020.00
2025-10-05 19:27:05,9,14,0.750000,0.584191,22,9,1020.00
2025-10-05 19:27:05,9,15,0.750000,0.593015,22,9,1020.00
2025-10-05 19:27:05,9,16,0.750000,0.589828,22,9,1020.00
2025-10-05 19:27:05,9,17,0.750000,0.521814,22,9,1020.00
2025-10-05 19:27:05,9,18,0.750000,0.537990,22,9,1020.00
2025-10-05 19:27:05,9,19,0.750000,0.554657,22,9,1020.00
2025-10-05 19:27:05,10,0,0.683824,0.409436,19,9,930.00
2025-10-05 19:27:05,10,1,0.694853,0.445466,21,10,1030.00
2025-10-05 19:27:05,10,2,0.750000,0.441299,22,9,1020.00
2025-10-05 19:27:05,10,3,0.764706,0.525123,24,8,1040.00
2025-10-05 19:27:05,10,4,0.764706,0.596201,24,8,1040.00
2025-10-05 19:27:05,10,5,0.764706,0.578431,24,8,1040.00
2025-10-05 19:27:05,10,6,0.764706,0.571078,24,8,1040.00
2025-10-05 19:27:05,10,7,0.764706,0.546078,24,8,1040.00
2025-10-05 19:27:05,10,8,0.764706,0.527696,24,8,1040.00
2025-10-05 19:27:05,10,9,0.764706,0.569853,24,8,1040.00
2025-10-05 19:27:05,10,10,0.764706,0.532108,24,8,1040.00
2025-10-05 19:27:05,10,11,0.764706,0.564461,24,8,1040.00
2025-10-05 19:27:05,10,12,0.764706,0.575858,24,8,1040.00
2025-10-05 19:27:05,10,13,0.764706,0.610784,24,8,1040.00
2025-10-05 19:27:05,10,14,0.764706,0.591544,24,8,1040.00
2025-10-05 19:27:05,10,15,0.764706,0.578676,24,8,1040.00
2025-10-05 19:27:05,10,16,0.764706,0.609069,24,8,1040.00
2025-10-05 19:27:05,10,17,0.764706,0.642034,24,8,1040.00
2025-10-05 19:27:05,10,18,0.764706,0.635417,24,8,1040.00
2025-10-05 19:27:05,10,19,0.764706,0.656495,24,8,1040.00
2025-10-05 19:27:05,11,0,0.691176,0.432230,22,7,940.00
2025-10-05 19:27:05,11,1,0.764706,0.461887,24,8,1040.00
2025-10-05 19:27:05,11,2,0.764706,0.495343,24,8,1040.00
2025-10-05 19:27:05,11,3,0.764706,0.558701,24,8,1040.00
2025-10-05 19:27:05,11,4,0.764706,0.554779,24,8,1040.00
2025-10-05 19:27:05,11,5,0.764706,0.546324,24,8,1040.00
2025-10-05 19:27:05,11,6,0.764706,0.578799,24,8,1040.00
2025-10-05 19:27:05,11,7,0.764706,0.508946,24,8,1040.00
2025-10-05 19:27:05,11,8,0.764706,0.506985,24,8,1040.00
2025-10-05 19:27:05,11,9,0.764706,0.485172,24,8,1040.00
2025-10-05 19:27:05,11,10,0.764706,0.498529,24,8,1040.00
2025-10-05 19:27:05,11,11,0.764706,0.542770,24,8,1040.00
2025-10-05 19:27:05,11,12,0.764706,0.572917,24,8,1040.00
2025-10-05 19:27:05,11,13,0.764706,0.544240,24,8,1040.00
2025-10-05 19:27:05,11,14,0.764706,0.570466,24,8,1040.00
2025-10-05 19:27:05,11,15,0.764706,0.535049,24,8,1040.00
2025-10-05 19:27:05,11,16,0.764706,0.566667,24,8,1040.00
2025-10-05 19:27:05,11,17,0.764706,0.540686,24,8,1040.00
2025-10-05 19:27:05,11,18,0.764706,0.557843,24,8,1040.00
2025-10-05 19:27:05,11,19,0.764706,0.536887,24,8,1040.00
2025-10-05 19:27:05,12,0,0.705882,0.410294,20,9,960.00
2025-10-05 19:27:05,12,1,0.705882,0.448897,20,9,960.00
2025-10-05 19:27:05,12,2,0.705882,0.534191,20,9,960.00
2025-10-05 19:27:05,12,3,0.705882,0.562010,20,9,960.00
2025-10-05 19:27:05,12,4,0.720588,0.476471,22,8,980.00
2025-10-05 19:27:05,12,5,0.750000,0.564828,22,9,1020.00
2025-10-05 19:27:05,12,6,0.750000,0.533946,22,9,1020.00
2025-10-05 19:27:05,12,7,0.750000,0.508701,22,9,1020.00
2025-10-05 19:27:05,12,8,0.750000,0.511765,22,9,1020.00
2025-10-05 19:27:05,12,9,0.750000,0.504657,22,9,1020.00
2025-10-05 19:27:05,12,10,0.750000,0.542279,22,9,1020.00
2025-10-05 19:27:05,12,11,0.750000,0.521569,22,9,1020.00
2025-10-05 19:27:05,12,12,0.750000,0.549877,22,9,1020.00
2025-10-05 19:27:05,12,13,0.750000,0.594118,22,9,1020.00
2025-10-05 19:27:05,12,14,0.750000,0.589461,22,9,1020.00
2025-10-05 19:27:05,12,15,0.750000,0.540441,22,9,1020.00
2025-10-05 19:27:05,12,16,0.750000,0.552328,22,9,1020.00
2025-10-05 19:27:05,12,17,0.750000,0.541054,22,9,1020.00
2025-10-05 19:27:05,12,18,0.764706,0.560539,24,8,1040.00
2025-10-05 19:27:05,12,19,0.764706,0.579412,24,8,1040.00
2025-10-05 19:27:05,13,0,0.705882,0.451225,16,12,960.00
2025-10-05 19:27:05,13,1,0.764706,0.509681,24,8,1040.00
2025-10-05 19:27:05,13,2,0.764706,0.571078,24,8,1040.00
2025-10-05 19:27:05,13,3,0.764706,0.579289,24,8,1040.00
2025-10-05 19:27:05,13,4,0.764706,0.564706,24,8,1040.00
2025-10-05 19:27:05,13,5,0.764706,0.538603,24,8,1040.00
2025-10-05 19:27:05,13,6,0.764706,0.599510,24,8,1040.00
2025-10-05 19:27:05,13,7,0.764706,0.592034,24,8,1040.00
2025-10-05 19:27:05,13,8,0.764706,0.597059,24,8,1040.00
2025-10-05 19:27:05,13,9,0.764706,0.574632,24,8,1040.00
2025-10-05 19:27:05,13,10,0.764706,0.580147,24,8,1040.00
2025-10-05 19:27:05,13,11,0.764706,0.599510,24,8,1040.00
2025-10-05 19:27:05,13,12,0.764706,0.604902,24,8,1040.00
2025-10-05 19:27:05,13,13,0.764706,0.585784,24,8,1040.00
2025-10-05 19:27:05,13,14,0.764706,0.590074,24,8,1040.00
2025-10-05 19:27:05,13,15,0.764706,0.608456,24,8,1040.00
2025-10-05 19:27:05,13,16,0.764706,0.599632,24,8,1040.00
2025-10-05 19:27:05,13,17,0.764706,0.599510,24,8,1040.00
2025-10-05 19:27:05,13,18,0.764706,0.580637,24,8,1040.00
2025-10-05 19:27:05,13,19,0.764706,0.600980,24,8,1040.00
2025-10-05 19:27:05,14,0,0.713235,0.408333,19,10,970.00
2025-10-05 19:27:05,14,1,0.735294,0.531618,20,10,1000.00
2025-10-05 19:27:05,14,2,0.735294,0.534804,20,10,1000.00
2025-10-05 19:27:05,14,3,0.735294,0.548039,20,10,1000.00
2025-10-05 19:27:05,14,4,0.735294,0.538358,20,10,1000.00
2025-10-05 19:27:05,14,5,0.735294,0.540931,20,10,1000.00
2025-10-05 19:27:05,14,6,0.735294,0.549142,20,10,1000.00
2025-10-05 19:27:05,14,7,0.735294,0.583824,20,10,1000.00
2025-10-05 19:27:05,14,8,0.735294,0.580760,20,10,1000.00
2025-10-05 19:27:05,14,9,0.742647,0.576348,23,8,1010.00
2025-10-05 19:27:05,14,10,0.742647,0.596446,23,8,1010.00
2025-10-05 19:27:05,14,11,0.742647,0.584559,23,8,1010.00
2025-10-05 19:27:05,14,12,0.742647,0.555025,23,8,1010.00
2025-10-05 19:27:05,14,13,0.742647,0.541176,23,8,1010.00
2025-10-05 19:27:05,14,14,0.742647,0.563725,23,8,1010.00
2025-10-05 19:27:05,14,15,0.742647,0.534681,23,8,1010.00
2025-10-05 19:27:05,14,16,0.764706,0.586029,24,8,1040.00
2025-10-05 19:27:05,14,17,0.764706,0.559681,24,8,1040.00
2025-10-05 19:27:05,14,18,0.764706,0.580760,24,8,1040.00
2025-10-05 19:27:05,14,19,0.764706,0.525368,24,8,1040.00
2025-10-05 19:27:05,15,0,0.750000,0.436765,22,9,1020.00
2025-10-05 19:27:05,15,1,0.750000,0.495343,22,9,1020.00
2025-10-05 19:27:05,15,2,0.750000,0.531495,22,9,1020.00
2025-10-05 19:27:05,15,3,0.764706,0.564093,24,8,1040.00
2025-10-05 19:27:05,15,4,0.764706,0.550000,24,8,1040.00
2025-10-05 19:27:05,15,5,0.764706,0.567647,24,8,1040.00
2025-10-05 19:27:05,15,6,0.764706,0.533701,24,8,1040.00
2025-10-05 19:27:05,15,7,0.764706,0.604289,24,8,1040.00
2025-10-05 19:27:05,15,8,0.764706,0.578064,24,8,1040.00
2025-10-05 19:27:05,15,9,0.764706,0.578676,24,8,1040.00
2025-10-05 19:27:05,15,10,0.764706,0.545221,24,8,1040.00
2025-10-05 19:27:05,15,11,0.764706,0.538971,24,8,1040.00
2025-10-05 19:27:05,15,12,0.764706,0.568137,24,8,1040.00
2025-10-05 19:27:05,15,13,0.764706,0.523897,24,8,1040.00
2025-10-05 19:27:05,15,14,0.764706,0.583824,24,8,1040.00
2025-10-05 19:27:05,15,15,0.764706,0.606373,24,8,1040.00
2025-10-05 19:27:05,15,16,0.764706,0.575858,24,8,1040.00
2025-10-05 19:27:05,15,17,0.764706,0.530392,24,8,1040.00
2025-10-05 19:27:05,15,18,0.764706,0.561520,24,8,1040.00
2025-10-05 19:27:05,15,19,0.764706,0.593260,24,8,1040.00
2025-10-05 19:27:05,16,0,0.720588,0.452451,18,11,980.00
2025-10-05 19:27:05,16,1,0.720588,0.513971,18,11,980.00
2025-10-05 19:27:05,16,2,0.720588,0.502941,18,11,980.00
2025-10-05 19:27:05,16,3,0.735294,0.497794,20,10,1000.00
2025-10-05 19:27:05,16,4,0.735294,0.530515,20,10,1000.00
2025-10-05 19:27:05,16,5,0.735294,0.549632,20,10,1000.00
2025-10-05 19:27:05,16,6,0.735294,0.546078,20,10,1000.00
2025-10-05 19:27:05,16,7,0.735294,0.501103,20,10,1000.00
2025-10-05 19:27:05,16,8,0.735294,0.501225,20,10,1000.00
2025-10-05 19:27:05,16,9,0.735294,0.519730,20,10,1000.00
2025-10-05 19:27:05,16,10,0.735294,0.535662,20,10,1000.00
2025-10-05 19:27:05,16,11,0.735294,0.512868,20,10,1000.00
2025-10-05 19:27:05,16,12,0.735294,0.537500,20,10,1000.00
2025-10-05 19:27:05,16,13,0.735294,0.557475,20,10,1000.00
2025-10-05 19:27:05,16,14,0.735294,0.593627,20,10,1000.00
2025-10-05 19:27:05,16,15,0.742647,0.548529,23,8,1010.00
2025-10-05 19:27:05,16,16,0.764706,0.593627,24,8,1040.00
2025-10-05 19:27:05,16,17,0.764706,0.565074,24,8,1040.00
2025-10-05 19:27:05,16,18,0.764706,0.551961,24,8,1040.00
2025-10-05 19:27:05,16,19,0.764706,0.540319,24,8,1040.00
2025-10-05 19:27:05,17,0,0.709559,0.438848,23,9,1050.00
2025-10-05 19:27:05,17,1,0.713235,0.497794,19,10,970.00
2025-10-05 19:27:05,17,2,0.735294,0.520711,24,7,1000.00
2025-10-05 19:27:05,17,3,0.735294,0.545098,24,7,1000.00
2025-10-05 19:27:05,17,4,0.750000,0.547917,22,9,1020.00
2025-10-05 19:27:05,17,5,0.750000,0.524877,22,9,1020.00
2025-10-05 19:27:05,17,6,0.750000,0.539951,22,9,1020.00
2025-10-05 19:27:05,17,7,0.764706,0.556618,24,8,1040.00
2025-10-05 19:27:05,17,8,0.764706,0.562745,24,8,1040.00
2025-10-05 19:27:05,17,9,0.764706,0.497059,24,8,1040.00
2025-10-05 19:27:05,17,10,0.764706,0.482843,24,8,1040.00
2025-10-05 19:27:05,17,11,0.764706,0.531863,24,8,1040.00
2025-10-05 19:27:05,17,12,0.764706,0.557966,24,8,1040.00
2025-10-05 19:27:05,17,13,0.764706,0.564583,24,8,1040.00
2025-10-05 19:27:05,17,14,0.764706,0.565686,24,8,1040.00
2025-10-05 19:27:05,17,15,0.764706,0.531740,24,8,1040.00
2025-10-05 19:27:05,17,16,0.764706,0.512990,24,8,1040.00
2025-10-05 19:27:05,17,17,0.764706,0.480270,24,8,1040.00
2025-10-05 19:27:05,17,18,0.764706,0.523039,24,8,1040.00
2025-10-05 19:27:05,17,19,0.764706,0.554657,24,8,1040.00
2025-10-05 19:27:05,18,0,0.735294,0.427696,24,7,1000.00
2025-10-05 19:27:05,18,1,0.735294,0.479657,24,7,1000.00
2025-10-05 19:27:05,18,2,0.764706,0.508088,24,8,1040.00
2025-10-05 19:27:05,18,3,0.764706,0.539706,24,8,1040.00
2025-10-05 19:27:05,18,4,0.764706,0.551961,24,8,1040.00
2025-10-05 19:27:05,18,5,0.764706,0.559926,24,8,1040.00
2025-10-05 19:27:05,18,6,0.764706,0.565319,24,8,1040.00
2025-10-05 19:27:05,18,7,0.764706,0.555270,24,8,1040.00
2025-10-05 19:27:05,18,8,0.764706,0.559314,24,8,1040.00
2025-10-05 19:27:05,18,9,0.764706,0.605882,24,8,1040.00
2025-10-05 19:27:05,18,10,0.764706,0.592279,24,8,1040.00
2025-10-05 19:27:05,18,11,0.764706,0.610417,24,8,1040.00
2025-10-05 19:27:05,18,12,0.764706,0.592892,24,8,1040.00
2025-10-05 19:27:05,18,13,0.764706,0.626961,24,8,1040.00
2025-10-05 19:27:05,18,14,0.764706,0.596446,24,8,1040.00
2025-10-05 19:27:05,18,15,0.764706,0.584681,24,8,1040.00
2025-10-05 19:27:05,18,16,0.764706,0.628309,24,8,1040.00
2025-10-05 19:27:05,18,17,0.764706,0.644240,24,8,1040.00
2025-10-05 19:27:05,18,18,0.764706,0.605637,24,8,1040.00
2025-10-05 19:27:05,18,19,0.764706,0.586275,24,8,1040.00
2025-10-05 19:27:05,19,0,0.705882,0.425858,24,6,960.00
2025-10-05 19:27:05,19,1,0.705882,0.487990,24,6,960.00
2025-10-05 19:27:05,19,2,0.705882,0.453554,24,6,960.00
2025-10-05 19:27:05,19,3,0.713235,0.495466,19,10,970.00
2025-10-05 19:27:05,19,4,0.750000,0.545098,22,9,1020.00
2025-10-05 19:27:05,19,5,0.750000,0.519975,22,9,1020.00
2025-10-05 19:27:05,19,6,0.750000,0.488113,22,9,1020.00
2025-10-05 19:27:05,19,7,0.750000,0.475368,22,9,1020.00
2025-10-05 19:27:05,19,8,0.750000,0.523529,22,9,1020.00
2025-10-05 19:27:05,19,9,0.750000,0.550368,22,9,1020.00
2025-10-05 19:27:05,19,10,0.750000,0.516544,22,9,1020.00
2025-10-05 19:27:05,19,11,0.750000,0.535172,22,9,1020.00
2025-10-05 19:27:05,19,12,0.750000,0.535417,22,9,1020.00
2025-10-05 19:27:05,19,13,0.750000,0.551103,22,9,1020.00
2025-10-05 19:27:05,19,14,0.764706,0.513480,24,8,1040.00
2025-10-05 19:27:05,19,15,0.764706,0.540441,24,8,1040.00
2025-10-05 19:27:05,19,16,0.764706,0.554534,24,8,1040.00
2025-10-05 19:27:05,19,17,0.764706,0.565196,24,8,1040.00
2025-10-05 19:27:05,19,18,0.764706,0.550858,24,8,1040.00
2025-10-05 19:27:05,19,19,0.764706,0.574510,24,8,1040.00
2025-10-05 19:27:05,20,0,0.750000,0.435784,22,9,1020.00
2025-10-05 19:27:05,20,1,0.750000,0.426348,22,9,1020.00
2025-10-05 19:27:05,20,2,0.750000,0.534314,22,9,1020.00
2025-10-05 19:27:05,20,3,0.750000,0.538235,22,9,1020.00
2025-10-05 19:27:05,20,4,0.750000,0.598652,22,9,1020.00
2025-10-05 19:27:05,20,5,0.750000,0.504289,22,9,1020.00
2025-10-05 19:27:05,20,6,0.750000,0.514706,22,9,1020.00
2025-10-05 19:27:05,20,7,0.750000,0.562132,22,9,1020.00
2025-10-05 19:27:05,20,8,0.750000,0.549142,22,9,1020.00
2025-10-05 19:27:05,20,9,0.764706,0.584804,24,8,1040.00
2025-10-05 19:27:05,20,10,0.764706,0.614216,24,8,1040.00
2025-10-05 19:27:05,20,11,0.764706,0.623284,24,8,1040.00
2025-10-05 19:27:05,20,12,0.764706,0.616912,24,8,1040.00
2025-10-05 19:27:05,20,13,0.764706,0.586275,24,8,1040.00
2025-10-05 19:27:05,20,14,0.764706,0.583701,24,8,1040.00
2025-10-05 19:27:05,20,15,0.764706,0.630882,24,8,1040.00
2025-10-05 19:27:05,20,16,0.764706,0.580515,24,8,1040.00
2025-10-05 19:27:05,20,17,0.764706,0.613358,24,8,1040.00
2025-10-05 19:27:05,20,18,0.764706,0.625245,24,8,1040.00
2025-10-05 19:27:05,20,19,0.764706,0.616054,24,8,1040.00
2025-10-05 19:27:05,21,0,0.676471,0.424020,20,8,920.00
2025-10-05 19:27:05,21,1,0.705882,0.508701,16,12,960.00
2025-10-05 19:27:05,21,2,0.720588,0.547181,22,8,980.00
2025-10-05 19:27:05,21,3,0.750000,0.514828,22,9,1020.00
2025-10-05 19:27:05,21,4,0.750000,0.549755,22,9,1020.00
2025-10-05 19:27:05,21,5,0.750000,0.541912,22,9,1020.00
2025-10-05 19:27:05,21,6,0.764706,0.541912,24,8,1040.00
2025-10-05 19:27:05,21,7,0.764706,0.534069,24,8,1040.00
2025-10-05 19:27:05,21,8,0.764706,0.558946,24,8,1040.00
2025-10-05 19:27:05,21,9,0.764706,0.586275,24,8,1040.00
2025-10-05 19:27:05,21,10,0.764706,0.561029,24,8,1040.00
2025-10-05 19:27:05,21,11,0.764706,0.546569,24,8,1040.00
2025-10-05 19:27:05,21,12,0.764706,0.590196,24,8,1040.00
2025-10-05 19:27:05,21,13,0.764706,0.593627,24,8,1040.00
2025-10-05 19:27:05,21,14,0.764706,0.607721,24,8,1040.00
2025-10-05 19:27:05,21,15,0.764706,0.592402,24,8,1040.00
2025-10-05 19:27:05,21,16,0.764706,0.587745,24,8,1040.00
2025-10-05 19:27:05,21,17,0.764706,0.562745,24,8,1040.00
2025-10-05 19:27:05,21,18,0.764706,0.592157,24,8,1040.00
2025-10-05 19:27:05,21,19,0.764706,0.532108,24,8,1040.00
2025-10-05 19:27:05,22,0,0.691176,0.390319,14,13,940.00
2025-10-05 19:27:05,22,1,0.691176,0.478064,14,13,940.00
2025-10-05 19:27:05,22,2,0.735294,0.528064,20,10,1000.00
2025-10-05 19:27:05,22,3,0.764706,0.557966,24,8,1040.00
2025-10-05 19:27:05,22,4,0.764706,0.526838,24,8,1040.00
2025-10-05 19:27:05,22,5,0.764706,0.536397,24,8,1040.00
2025-10-05 19:27:05,22,6,0.764706,0.489583,24,8,1040.00
2025-10-05 19:27:05,22,7,0.764706,0.513480,24,8,1040.00
2025-10-05 19:27:05,22,8,0.764706,0.565686,24,8,1040.00
2025-10-05 19:27:05,22,9,0.764706,0.513113,24,8,1040.00
2025-10-05 19:27:05,22,10,0.764706,0.523529,24,8,1040.00
2025-10-05 19:27:05,22,11,0.764706,0.475490,24,8,1040.00
2025-10-05 19:27:05,22,12,0.764706,0.507843,24,8,1040.00
2025-10-05 19:27:05,22,13,0.764706,0.598897,24,8,1040.00
2025-10-05 19:27:05,22,14,0.764706,0.545588,24,8,1040.00
2025-10-05 19:27:05,22,15,0.764706,0.498407,24,8,1040.00
2025-10-05 19:27:05,22,16,0.764706,0.528554,24,8,1040.00
2025-10-05 19:27:05,22,17,0.764706,0.532598,24,8,1040.00
2025-10-05 19:27:05,22,18,0.764706,0.575858,24,8,1040.00
2025-10-05 19:27:05,22,19,0.764706,0.546324,24,8,1040.00
2025-10-05 19:27:05,23,0,0.735294,0.390196,24,7,1000.00
2025-10-05 19:27:05,23,1,0.735294,0.509314,24,7,1000.00
2025-10-05 19:27:05,23,2,0.735294,0.524265,24,7,1000.00
2025-10-05 19:27:05,23,3,0.735294,0.517770,24,7,1000.00
2025-10-05 19:27:05,23,4,0.735294,0.530025,24,7,1000.00
2025-10-05 19:27:05,23,5,0.735294,0.538603,24,7,1000.00
2025-10-05 19:27:05,23,6,0.735294,0.520466,24,7,1000.00
2025-10-05 19:27:05,23,7,0.735294,0.488235,24,7,1000.00
2025-10-05 19:27:05,23,8,0.735294,0.477574,24,7,1000.00
2025-10-05 19:27:05,23,9,0.735294,0.509804,24,7,1000.00
2025-10-05 19:27:05,23,10,0.764706,0.507843,24,8,1040.00
2025-10-05 19:27:05,23,11,0.764706,0.521691,24,8,1040.00
2025-10-05 19:27:05,23,12,0.764706,0.556495,24,8,1040.00
2025-10-05 19:27:05,23,13,0.764706,0.543137,24,8,1040.00
2025-10-05 19:27:05,23,14,0.764706,0.543750,24,8,1040.00
2025-10-05 19:27:05,23,15,0.764706,0.520833,24,8,1040.00
2025-10-05 19:27:05,23,16,0.764706,0.514583,24,8,1040.00
2025-10-05 19:27:05,23,17,0.764706,0.546446,24,8,1040.00
2025-10-05 19:27:05,23,18,0.764706,0.548775,24,8,1040.00
2025-10-05 19:27:05,23,19,0.764706,0.537132,24,8,1040.00
2025-10-05 19:27:05,24,0,0.698529,0.428431,21,8,950.00
2025-10-05 19:27:05,24,1,0.698529,0.448039,21,8,950.00
2025-10-05 19:27:05,24,2,0.750000,0.504289,22,9,1020.00
2025-10-05 19:27:05,24,3,0.750000,0.536152,22,9,1020.00
2025-10-05 19:27:05,24,4,0.750000,0.543995,22,9,1020.00
2025-10-05 19:27:05,24,5,0.750000,0.542525,22,9,1020.00
2025-10-05 19:27:05,24,6,0.750000,0.595098,22,9,1020.00
2025-10-05 19:27:05,24,7,0.750000,0.547304,22,9,1020.00
2025-10-05 19:27:05,24,8,0.750000,0.589828,22,9,1020.00
2025-10-05 19:27:05,24,9,0.750000,0.557721,22,9,1020.00
2025-10-05 19:27:05,24,10,0.764706,0.570588,24,8,1040.00
2025-10-05 19:27:05,24,11,0.764706,0.598407,24,8,1040.00
2025-10-05 19:27:05,24,12,0.764706,0.616299,24,8,1040.00
2025-10-05 19:27:05,24,13,0.764706,0.571814,24,8,1040.00
2025-10-05 19:27:05,24,14,0.764706,0.608578,24,8,1040.00
2025-10-05 19:27:05,24,15,0.764706,0.621691,24,8,1040.00
2025-10-05 19:27:05,24,16,0.764706,0.629657,24,8,1040.00
2025-10-05 19:27:05,24,17,0.764706,0.565074,24,8,1040.00
2025-10-05 19:27:05,24,18,0.764706,0.615809,24,8,1040.00
2025-10-05 19:27:05,24,19,0.764706,0.656127,24,8,1040.00
2025-10-05 19:27:05,25,0,0.595588,0.364461,14,14,980.00
2025-10-05 19:27:05,25,1,0.720588,0.419853,22,8,980.00
2025-10-05 19:27:05,25,2,0.720588,0.461520,22,8,980.00
2025-10-05 19:27:05,25,3,0.750000,0.512010,22,9,1020.00
2025-10-05 19:27:05,25,4,0.750000,0.511765,22,9,1020.00
2025-10-05 19:27:05,25,5,0.750000,0.521446,22,9,1020.00
2025-10-05 19:27:05,25,6,0.750000,0.547672,22,9,1020.00
2025-10-05 19:27:05,25,7,0.750000,0.561887,22,9,1020.00
2025-10-05 19:27:05,25,8,0.750000,0.593137,22,9,1020.00
2025-10-05 19:27:05,25,9,0.750000,0.572304,22,9,1020.00
2025-10-05 19:27:05,25,10,0.750000,0.562990,22,9,1020.00
2025-10-05 19:27:05,25,11,0.750000,0.558578,22,9,1020.00
2025-10-05 19:27:05,25,12,0.764706,0.534436,24,8,1040.00
2025-10-05 19:27:05,25,13,0.764706,0.578554,24,8,1040.00
2025-10-05 19:27:05,25,14,0.764706,0.556373,24,8,1040.00
2025-10-05 19:27:05,25,15,0.764706,0.585049,24,8,1040.00
2025-10-05 19:27:05,25,16,0.764706,0.543137,24,8,1040.00
2025-10-05 19:27:05,25,17,0.764706,0.535784,24,8,1040.00
2025-10-05 19:27:05,25,18,0.764706,0.544118,24,8,1040.00
2025-10-05 19:27:05,25,19,0.764706,0.552696,24,8,1040.00
2025-10-05 19:27:05,26,0,0.676471,0.358578,12,14,920.00
2025-10-05 19:27:05,26,1,0.705882,0.448775,20,9,960.00
2025-10-05 19:27:05,26,2,0.705882,0.495711,20,9,960.00
2025-10-05 19:27:05,26,3,0.705882,0.506250,20,9,960.00
2025-10-05 19:27:05,26,4,0.705882,0.524755,20,9,960.00
2025-10-05 19:27:05,26,5,0.720588,0.512868,22,8,980.00
2025-10-05 19:27:05,26,6,0.720588,0.463113,22,8,980.00
2025-10-05 19:27:05,26,7,0.720588,0.486029,22,8,980.00
2025-10-05 19:27:05,26,8,0.750000,0.565196,22,9,1020.00
2025-10-05 19:27:05,26,9,0.750000,0.526838,22,9,1020.00
2025-10-05 19:27:05,26,10,0.750000,0.518873,22,9,1020.00
2025-10-05 19:27:05,26,11,0.750000,0.578309,22,9,1020.00
2025-10-05 19:27:05,26,12,0.750000,0.509314,22,9,1020.00
2025-10-05 19:27:05,26,13,0.750000,0.561887,22,9,1020.00
2025-10-05 19:27:05,26,14,0.750000,0.531250,22,9,1020.00
2025-10-05 19:27:05,26,15,0.750000,0.527206,22,9,1020.00
2025-10-05 19:27:05,26,16,0.764706,0.584436,24,8,1040.00
2025-10-05 19:27:05,26,17,0.764706,0.638603,24,8,1040.00
2025-10-05 19:27:05,26,18,0.764706,0.592647,24,8,1040.00
2025-10-05 19:27:05,26,19,0.764706,0.626961,24,8,1040.00
2025-10-05 19:27:05,27,0,0.676471,0.477696,20,8,920.00
2025-10-05 19:27:05,27,1,0.705882,0.555882,20,9,960.00
2025-10-05 19:27:05,27,2,0.735294,0.529902,24,7,1000.00
2025-10-05 19:27:05,27,3,0.735294,0.538603,24,7,1000.00
2025-10-05 19:27:05,27,4,0.742647,0.556005,23,8,1010.00
2025-10-05 19:27:05,27,5,0.742647,0.584559,23,8,1010.00
2025-10-05 19:27:05,27,6,0.742647,0.576961,23,8,1010.00
2025-10-05 19:27:05,27,7,0.742647,0.592647,23,8,1010.00
2025-10-05 19:27:05,27,8,0.742647,0.612500,23,8,1010.00
2025-10-05 19:27:05,27,9,0.742647,0.549387,23,8,1010.00
2025-10-05 19:27:05,27,10,0.742647,0.575858,23,8,1010.00
2025-10-05 19:27:05,27,11,0.742647,0.522304,23,8,1010.00
2025-10-05 19:27:05,27,12,0.764706,0.566299,24,8,1040.00
2025-10-05 19:27:05,27,13,0.764706,0.530882,24,8,1040.00
2025-10-05 19:27:05,27,14,0.764706,0.570466,24,8,1040.00
2025-10-05 19:27:05,27,15,0.764706,0.579044,24,8,1040.00
2025-10-05 19:27:05,27,16,0.764706,0.598407,24,8,1040.00
2025-10-05 19:27:05,27,17,0.764706,0.585294,24,8,1040.00
2025-10-05 19:27:05,27,18,0.764706,0.612623,24,8,1040.00
2025-10-05 19:27:05,27,19,0.764706,0.567402,24,8,1040.00
2025-10-05 19:27:05,28,0,0.713235,0.453676,19,10,970.00
2025-10-05 19:27:05,28,1,0.713235,0.488848,19,10,970.00
2025-10-05 19:27:05,28,2,0.764706,0.544363,24,8,1040.00
2025-10-05 19:27:05,28,3,0.764706,0.506618,24,8,1040.00
2025-10-05 19:27:05,28,4,0.764706,0.543627,24,8,1040.00
2025-10-05 19:27:05,28,5,0.764706,0.546201,24,8,1040.00
2025-10-05 19:27:05,28,6,0.764706,0.531985,24,8,1040.00
2025-10-05 19:27:05,28,7,0.764706,0.583088,24,8,1040.00
2025-10-05 19:27:05,28,8,0.764706,0.544853,24,8,1040.00
2025-10-05 19:27:05,28,9,0.764706,0.587500,24,8,1040.00
2025-10-05 19:27:05,28,10,0.764706,0.542402,24,8,1040.00
2025-10-05 19:27:05,28,11,0.764706,0.539706,24,8,1040.00
2025-10-05 19:27:05,28,12,0.764706,0.600980,24,8,1040.00
2025-10-05 19:27:05,28,13,0.764706,0.615686,24,8,1040.00
2025-10-05 19:27:05,28,14,0.764706,0.569975,24,8,1040.00
2025-10-05 19:27:05,28,15,0.764706,0.598897,24,8,1040.00
2025-10-05 19:27:05,28,16,0.764706,0.589216,24,8,1040.00
2025-10-05 19:27:05,28,17,0.764706,0.551838,24,8,1040.00
2025-10-05 19:27:05,28,18,0.764706,0.549142,24,8,1040.00
2025-10-05 19:27:05,28,19,0.764706,0.573775,24,8,1040.00
2025-10-05 19:27:05,29,0,0.698529,0.408824,17,11,950.00
2025-10-05 19:27:05,29,1,0.764706,0.462377,24,8,1040.00
2025-10-05 19:27:05,29,2,0.764706,0.490809,24,8,1040.00
2025-10-05 19:27:05,29,3,0.764706,0.466422,24,8,1040.00
2025-10-05 19:27:05,29,4,0.764706,0.529289,24,8,1040.00
2025-10-05 19:27:05,29,5,0.764706,0.519240,24,8,1040.00
2025-10-05 19:27:05,29,6,0.764706,0.481005,24,8,1040.00
2025-10-05 19:27:05,29,7,0.764706,0.521201,24,8,1040.00
2025-10-05 19:27:05,29,8,0.764706,0.533824,24,8,1040.00
2025-10-05 19:27:05,29,9,0.764706,0.536642,24,8,1040.00
2025-10-05 19:27:05,29,10,0.764706,0.556863,24,8,1040.00
2025-10-05 19:27:05,29,11,0.764706,0.565564,24,8,1040.00
2025-10-05 19:27:05,29,12,0.764706,0.568995,24,8,1040.00
2025-10-05 19:27:05,29,13,0.764706,0.568137,24,8,1040.00
2025-10-05 19:27:05,29,14,0.764706,0.609314,24,8,1040.00
2025-10-05 19:27:05,29,15,0.764706,0.588603,24,8,1040.00
2025-10-05 19:27:05,29,16,0.764706,0.606985,24,8,1040.00
2025-10-05 19:27:05,29,17,0.764706,0.601838,24,8,1040.00
2025-10-05 19:27:05,29,18,0.764706,0.607353,24,8,1040.00
2025-10-05 19:27:05,29,19,0.764706,0.618627,24,8,1040.00
2025-10-05 19:27:05,30,0,0.709559,0.378064,23,9,1050.00
2025-10-05 19:27:05,30,1,0.709559,0.443627,23,9,1050.00
2025-10-05 19:27:05,30,2,0.742647,0.480760,23,8,1010.00
2025-10-05 19:27:05,30,3,0.750000,0.481373,22,9,1020.00
2025-10-05 19:27:05,30,4,0.750000,0.535294,22,9,1020.00
2025-10-05 19:27:05,30,5,0.750000,0.566544,22,9,1020.00
2025-10-05 19:27:05,30,6,0.764706,0.566176,24,8,1040.00
2025-10-05 19:27:05,30,7,0.764706,0.553064,24,8,1040.00
2025-10-05 19:27:05,30,8,0.764706,0.575735,24,8,1040.00
2025-10-05 19:27:05,30,9,0.764706,0.500613,24,8,1040.00
2025-10-05 19:27:05,30,10,0.764706,0.514216,24,8,1040.00
2025-10-05 19:27:05,30,11,0.764706,0.587255,24,8,1040.00
2025-10-05 19:27:05,30,12,0.764706,0.583701,24,8,1040.00
2025-10-05 19:27:05,30,13,0.764706,0.585907,24,8,1040.00
2025-10-05 19:27:05,30,14,0.764706,0.600490,24,8,1040.00
2025-10-05 19:27:05,30,15,0.764706,0.537623,24,8,1040.00
2025-10-05 19:27:05,30,16,0.764706,0.535049,24,8,1040.00
2025-10-05 19:27:05,30,17,0.764706,0.582353,24,8,1040.00
2025-10-05 19:27:05,30,18,0.764706,0.527328,24,8,1040.00
2025-10-05 19:27:05,30,19,0.764706,0.572181,24,8,1040.00
